{
  "config": {
    "step": {
      "user": {
        "data": {
          "api_key": "[%key:common::config_flow::data::api_key%]",
          "url": "[%key:common::config_flow::data::url%]",
          "device_id": "[%key:common::config_flow::data::device_id%]",
        }
      }
    },
    "error": {
      "cannot_connect": "[%key:common::config_flow::error::cannot_connect%]",
      "invalid_auth": "[%key:common::config_flow::error::invalid_auth%]",
      "unknown": "[%key:common::config_flow::error::unknown%]"
    },
    "abort": {
      "already_configured": "[%key:common::config_flow::abort::already_configured_device%]"
    }
  }
}
